date,tavg,tmin,tmax,prcp,snow,wdir,wspd,wpgt,pres,tsun
2025-01-01 00:00:00,3,-0.2,6.2,0,,,0.6,,1017.6,
2025-01-02 00:00:00,1.9,-0.4,4.1,2.5,,,0.2,,1018.7,
2025-01-03 00:00:00,2.3,-0.3,4.9,5.9,,,0.4,,1010.3,
2025-01-04 00:00:00,5.5,4,7,6,,,1.7,,1014.6,
2025-01-05 00:00:00,6.1,3.3,8.8,2.5,,,0,,1023.7,
2025-01-06 00:00:00,3.2,1.1,5.3,0,,,0.1,,1032.9,
2025-01-07 00:00:00,2.8,0.7,4.9,0.6,,,0.3,,1032.1,
2025-01-08 00:00:00,3.8,-0.6,8.2,0.5,,,0,,1033.1,
2025-01-09 00:00:00,3.8,-0.7,8.3,0,,,0.1,,1030,
2025-01-10 00:00:00,6.9,4.9,8.8,8.7,,,5,33,1022.1,
2025-01-11 00:00:00,4.6,1,8.2,0.1,,,0.8,,1032.3,
2025-01-12 00:00:00,3.4,-1.2,8,0,,,1,,1033.6,
2025-01-13 00:00:00,1.3,-2.2,4.9,0,,,0,,1035.7,
2025-01-14 00:00:00,3.2,-0.8,7.1,0,,,0.2,,1034.7,
2025-01-15 00:00:00,3.3,-2.1,8.8,0,,,0.2,,1028.2,
2025-01-16 00:00:00,3.2,-0.9,7.4,0.9,,,2.3,35,1021.9,
2025-01-17 00:00:00,2.6,-2.2,7.3,0,,,0.5,,1030.8,
2025-01-18 00:00:00,0.8,-4.3,5.9,0,,,0.1,,1034,
2025-01-19 00:00:00,0,-6,6.1,0,,,0.8,,1033.8,
2025-01-20 00:00:00,-0.8,-6.2,4.6,0,,,0,,1034.5,
2025-01-21 00:00:00,0.5,-5,6.1,0,,,0.1,,1034.8,
2025-01-22 00:00:00,0.1,-4.4,4.6,0,,,0.1,,1040.8,
2025-01-23 00:00:00,0.3,-4.2,4.7,0,,,0.6,,1034,
2025-01-24 00:00:00,1,-5.7,7.6,0,,,0.8,,1031.7,
2025-01-25 00:00:00,-0.5,-8,6.9,0,,,0.8,,1030.9,
2025-01-26 00:00:00,0.1,-6.6,6.8,0,,,0.8,,1030.9,
2025-01-27 00:00:00,0.3,-6.8,7.4,0,,,0.3,,1029,
2025-01-28 00:00:00,-0.1,-7.4,7.2,0,,,0.4,,1023.9,
2025-01-29 00:00:00,0,-6.9,6.9,0,,,0.3,,1020.4,
2025-01-30 00:00:00,2.4,0.5,4.2,4.9,,,0.8,,1018,
2025-01-31 00:00:00,4.6,2.3,6.9,21.8,,,2.5,,1004.2,
2025-02-01 00:00:00,1.9,-1.7,5.5,0.2,,,3.1,,1010.8,
2025-02-02 00:00:00,1,-2.8,4.8,6,,,3,,1008.6,
2025-02-03 00:00:00,-2.8,-4.5,-1.2,0.3,,,2.9,,1010.9,
2025-02-04 00:00:00,-4.4,-8.7,-0.1,2.9,,,1,,1010.9,
2025-02-05 00:00:00,-5.6,-9.9,-1.4,0.1,,,0.5,,1013.4,
2025-02-06 00:00:00,-3.6,-8.3,1.1,0.1,,,0,,1017.8,
2025-02-07 00:00:00,-4.2,-11.3,2.9,0,,,0.3,,1020.6,
2025-02-08 00:00:00,-0.3,-4.8,4.2,0.1,,,0.1,,1028.1,
2025-02-09 00:00:00,-0.5,-4.5,3.5,0,,,0.2,,1033.4,
2025-02-10 00:00:00,-2.4,-8.2,3.3,0,,,1.6,,1033.5,
2025-02-11 00:00:00,-4.7,-11.5,2,0,,,0.5,,1027.4,
2025-02-12 00:00:00,-3.7,-11.3,3.8,0,,,0.1,,1016.1,
2025-02-13 00:00:00,-2.8,-10.1,4.5,0,,,0.5,,999.6,
2025-02-14 00:00:00,0.3,-6.6,7.2,0,,,1,,1013.9,
2025-02-15 00:00:00,2.7,0.6,4.8,2.6,,,1.2,,1024.1,
2025-02-16 00:00:00,4.2,2.4,6,9.9,,,0.6,,1012.5,
2025-02-17 00:00:00,4.3,-0.5,9.1,2.7,,,0.5,,1014.3,
2025-02-18 00:00:00,5.3,1.3,9.3,0,,,1.7,,1019.6,
2025-02-19 00:00:00,7.4,4.9,9.9,7.6,,,6,,1011.5,
2025-02-20 00:00:00,6.8,4.6,9,0.3,,,2.5,,1026.4,
2025-02-21 00:00:00,6.2,4.6,7.9,13.3,,,0.2,,1020,
2025-02-22 00:00:00,8.7,7.1,10.3,14.3,,,2.8,,1011.3,
2025-02-23 00:00:00,7.4,2.5,12.4,10.3,,,1.8,,1009.2,
2025-02-24 00:00:00,8.2,4.9,11.5,5.5,,,3.7,,1007.9,
2025-02-25 00:00:00,7.6,5.5,9.7,19.2,,,3.5,,1012.5,
2025-02-26 00:00:00,8.2,2.9,13.5,0,,,1.1,,1021.9,
2025-02-27 00:00:00,7.8,0,15.5,0.1,,,1.8,,1021.3,
2025-02-28 00:00:00,9.4,4.1,14.7,0,,,1.1,,1019.5,
2025-03-01 00:00:00,7,-0.6,14.7,0,,,1.2,,1011.7,
2025-03-02 00:00:00,8,2.8,13.2,0,,,1.7,,1013.7,
2025-03-03 00:00:00,7.1,2.8,11.3,0.7,,,0.1,,1018.3,
2025-03-04 00:00:00,7.6,4.9,10.3,4,,,2.6,,1017.1,
2025-03-05 00:00:00,6.3,1,11.6,0.8,,,1.8,,1018.5,
2025-03-06 00:00:00,4.7,-2.3,11.7,0,,,1.5,,1017,
2025-03-07 00:00:00,4.2,-0.8,9.3,0,,,1.2,,1021.3,
2025-03-08 00:00:00,7.3,5.3,9.3,28.5,,,3.1,,1018.2,
2025-03-09 00:00:00,5.2,1,9.4,7.4,,,3.6,,1012.5,
2025-03-10 00:00:00,4.3,-0.2,9,2.2,,,2.5,,1015.3,
2025-03-11 00:00:00,4.9,3.2,6.8,6.5,,,2.1,,1005.6,
2025-03-12 00:00:00,6.5,4.4,8.6,6.2,,,1.5,,997.8,
2025-03-13 00:00:00,5.4,0.9,9.9,0.8,,,2.5,,998.8,
2025-03-14 00:00:00,5.1,-0.5,10.6,0,,,1.5,,1000.6,
2025-03-15 00:00:00,6.6,3.2,10,8.4,,,2.3,,999.8,
2025-03-16 00:00:00,7.1,3.5,10.7,2.4,,,3.3,,1002.6,
2025-03-17 00:00:00,4.9,-1.1,11,0,,,2.2,,1013.4,
2025-03-18 00:00:00,4.3,-1.8,10.4,0,,,1.4,,1025.4,
2025-03-19 00:00:00,7.3,5.4,9.3,0,,,4.8,,1017.5,
2025-03-20 00:00:00,7.1,4.1,10.1,5.6,,,4.3,,1012.3,
2025-03-21 00:00:00,6.3,2.8,9.8,8.2,,,2.6,,1009.7,
2025-03-22 00:00:00,6.9,2.8,11.1,1,,,1.1,,1017.4,
2025-03-23 00:00:00,7.2,4.3,10,24.3,,,1.3,,1014.8,
2025-03-24 00:00:00,10.3,8.6,12,10.8,,,1.5,,1020.5,
2025-03-25 00:00:00,12.8,7.7,17.9,1.7,,,1.1,,1018.3,
2025-03-26 00:00:00,9.9,3.4,16.5,6.6,,,2.4,,1007.2,
2025-03-27 00:00:00,12.7,9.1,16.4,20.1,,,3,,1002.5,
2025-03-28 00:00:00,9.9,8.2,11.5,2.3,,,4,,1005.3,
2025-03-29 00:00:00,8.3,3.2,13.5,1,,,3,,1016.6,
2025-03-30 00:00:00,6.7,-0.1,13.6,0,,,1.7,,1007.3,
2025-03-31 00:00:00,9.6,5.4,13.9,3,,,2.2,,1003.6,
2025-04-01 00:00:00,9.7,4.9,14.6,1.1,,,1.8,,1007.8,
2025-04-02 00:00:00,7.6,2.1,13.2,5.9,,,1.4,,1012.9,
2025-04-03 00:00:00,8,1.2,14.9,0,,,1.1,,1020.9,
2025-04-04 00:00:00,9.1,0.1,18.1,0,,,1,,1027.8,
2025-04-05 00:00:00,11.3,1.4,21.2,0,,,0.8,,1024.8,
2025-04-06 00:00:00,10.6,9,12.3,23,,,0.7,,1017.3,
2025-04-07 00:00:00,10.3,7.4,13.3,4.8,,,1.4,,1010.5,
2025-04-08 00:00:00,9.8,7.5,12.1,10.8,,,4.5,,1012.4,
2025-04-09 00:00:00,9.6,4.4,14.8,0,,,1.5,,1023.6,
2025-04-10 00:00:00,12.3,7.4,17.3,0.7,,,3.1,,1017.7,
2025-04-11 00:00:00,8.1,1.7,14.5,0,,,1.6,,1024.7,
2025-04-12 00:00:00,9.1,4.3,13.9,0,,,5.1,,1025.4,
2025-04-13 00:00:00,8.3,0.6,15.9,0,,,1.4,,1029.6,
2025-04-14 00:00:00,10.3,2.6,18,0,,,1.9,,1022.7,
2025-04-15 00:00:00,10.4,4.3,16.4,0,,,2.7,,1019.1,
2025-04-16 00:00:00,10.4,4.2,16.9,0,,,7.7,,1019.1,
2025-04-17 00:00:00,9.5,-0.3,19.3,0,,,1.5,,1021.1,
2025-04-18 00:00:00,10.7,1,20.3,0,,,0.6,,1019.4,
2025-04-19 00:00:00,11.9,7.9,15.9,0.8,,,4.4,,1020.7,
2025-04-20 00:00:00,10.8,6.2,15.4,0,,,1.6,,1021.3,
2025-04-21 00:00:00,9.3,4.1,14.6,0,,,2.5,,1022.6,
2025-04-22 00:00:00,8.3,0.5,16.2,0,,,1.4,,1023.5,
2025-04-23 00:00:00,9.3,0.8,17.8,0,,,1,,1020,
2025-04-24 00:00:00,11.8,1.5,22,0,,,0.7,,1015.6,
2025-04-25 00:00:00,12.5,3.9,21,0,,,1.5,,1011.6,
2025-04-26 00:00:00,12.8,7.4,17.8,0,,,1.9,,1011.1,
2025-04-27 00:00:00,11.4,5.8,17,0,,,0.9,,1016.8,
2025-04-28 00:00:00,9.3,7.1,11.5,7.3,,,0.6,,1023.7,
2025-04-29 00:00:00,12.5,7.8,17.1,0.7,,,0.4,,1021.5,
2025-04-30 00:00:00,12.3,6.6,18,0,,,0.7,,1022.9,
2025-05-01 00:00:00,12.9,2.9,22.9,0,,,0.3,,1016.8,
2025-05-02 00:00:00,14.4,6.4,22.3,2.8,,,1.3,,1012.1,
2025-05-03 00:00:00,10.6,5.6,15.5,2.9,,,2,,1018.4,
2025-05-04 00:00:00,10.2,3.2,17.2,0,,,1.3,,1023.8,
2025-05-05 00:00:00,11.7,2.8,20.6,0,,,0.7,,1025,
2025-05-06 00:00:00,14.5,4.8,24.2,0,,,0.4,,1017.2,
2025-05-07 00:00:00,14.7,9.6,19.7,2.3,,,1.3,,1014.1,
2025-05-08 00:00:00,9.8,2.8,16.7,0,,,0.5,,1025.2,
2025-05-09 00:00:00,11.9,5,18.8,0,,,0.4,,1022.2,
2025-05-10 00:00:00,13.5,7.9,19,0.9,,,0.3,,1016,
2025-05-11 00:00:00,12.4,7,17.7,0,,,0.8,,1009.3,
2025-05-12 00:00:00,12.4,5.7,19.2,0,,,0.8,,1008.6,
2025-05-13 00:00:00,12,6.1,17.9,0.7,,,0.5,,1015,
2025-05-14 00:00:00,13.4,9.3,17.5,0,,,1.2,,1017.7,
2025-05-15 00:00:00,10.3,7.5,13,1.7,,,0.8,,1019.9,
2025-05-16 00:00:00,10.6,8.9,13.4,7,,,0.8,,1017.3,
2025-05-17 00:00:00,13.1,9.6,16.6,4.2,,,0.7,,1011.9,
2025-05-18 00:00:00,12.3,7.5,17.1,0.3,,,0.9,,1017.4,
2025-05-19 00:00:00,11.1,7.3,15,9,,,1.2,,1015.5,
2025-05-20 00:00:00,12.2,7.3,17.1,0.4,,,1.4,,1020.8,
2025-05-21 00:00:00,13.1,7,19.1,0,,,1,,1022.6,
2025-05-22 00:00:00,12.6,4.9,20.4,0,,,0.7,,1017.9,
2025-05-23 00:00:00,13,8.7,17.3,0,,,0.3,,1019.5,
2025-05-24 00:00:00,14.8,5.8,23.8,0,,,0,,1017.2,
2025-05-25 00:00:00,13.8,7.2,20.4,0,,,0.1,,1014.3,
2025-05-26 00:00:00,15.1,10.7,19.5,1.7,,,0.9,,1018.7,
2025-05-27 00:00:00,16.2,9.5,22.9,0,,,0.5,,1021.9,
2025-05-28 00:00:00,18.6,8.7,28.5,0,,,0.4,,1011.8,
2025-05-29 00:00:00,14.9,9.2,20.5,7.2,,,0.4,,1019.1,
2025-05-30 00:00:00,15.8,7.5,24,0,,,0.2,,1022.9,
2025-05-31 00:00:00,15.1,12.3,17.9,15.8,,,2,,1019.6,
2025-06-01 00:00:00,14.4,9.5,19.2,0,,,1.2,,1025.5,
2025-06-02 00:00:00,14.6,8.7,20.4,0,,,1,,1024.6,
2025-06-03 00:00:00,15.1,8.9,21.3,0,,,0.8,,1022.5,
2025-06-04 00:00:00,16.3,11.8,20.8,0,,,0.2,,1019.3,
2025-06-05 00:00:00,16.2,8.7,23.8,0,,,1.2,,1018.5,
2025-06-06 00:00:00,18.3,13.1,24.1,0,,,1.4,,1016.4,
2025-06-07 00:00:00,18.2,11.3,25,0,,,0.4,,1017.4,
2025-06-08 00:00:00,20.4,11.6,29.2,0,,,0.2,,1016.1,
2025-06-09 00:00:00,18.7,13.1,24.3,0,,,0.8,,1014.1,
2025-06-10 00:00:00,18.1,12.3,23.9,0,,,0.8,,1013.3,
2025-06-11 00:00:00,17,11.3,22.7,0,,,0.4,,1013.5,
2025-06-12 00:00:00,12.9,9.4,16.5,0,,,0.8,,1016.3,
2025-06-13 00:00:00,14.8,9.3,20.2,0,,,0.6,,1017.2,
2025-06-14 00:00:00,15,10,19.9,0,,,0.2,,1020.2,
2025-06-15 00:00:00,14.5,5.7,23.4,0,,,0.2,,1020.3,
2025-06-16 00:00:00,14.8,6.7,22.9,0,,,0.2,,1017.7,
2025-06-17 00:00:00,14.6,6.9,22.3,0,,,0.4,,1017.4,
2025-06-18 00:00:00,16.7,11.7,21.8,0.7,,,1,,1016.4,
2025-06-19 00:00:00,14.6,7,22.2,0,,,0.8,,1016,
2025-06-20 00:00:00,13.6,10.3,16.9,8.9,,,0,,1010,
2025-06-21 00:00:00,14.2,11,17.3,12.5,,,0.3,,1013.5,
2025-06-22 00:00:00,13.4,9.3,17.6,0.5,,,0,,1020.2,
2025-06-23 00:00:00,18.2,12.8,23.5,0,,,0.1,,1018.8,
2025-06-24 00:00:00,17.2,9.6,24.7,0,,,0.2,,1014.9,
2025-06-25 00:00:00,16.4,12.3,20.5,0.2,,,0.5,,1016.2,
2025-06-26 00:00:00,14.5,11.1,18,2.3,,,0.2,,1016.2,
2025-06-27 00:00:00,14.2,11.9,16.5,0.1,,,0,,1018.2,
2025-06-28 00:00:00,18.5,13,23.9,0,,,0.6,,1022.8,
2025-06-29 00:00:00,17.6,8.9,26.3,0,,,0.5,,1021.9,
2025-06-30 00:00:00,20.2,11.5,28.9,0,,,0.4,,1015.9,
2025-07-01 00:00:00,21,12.7,29.2,0,,,0.4,,1013.6,
2025-07-02 00:00:00,16.9,11.1,22.8,0,,,0,,1013.2,
2025-07-03 00:00:00,16.7,11.2,22.2,0,,,0.8,,1015.9,
2025-07-04 00:00:00,16,8.5,23.5,0,,,0.5,,1016.7,
2025-07-05 00:00:00,16,10.2,21.8,0,,,0.8,,1023,
2025-07-06 00:00:00,17.5,8.9,26.1,0,,,0.6,,1021.7,
2025-07-07 00:00:00,19.7,10.7,28.7,0,,,0.3,,1016.2,
2025-07-08 00:00:00,18.3,10.9,25.8,6.5,,,0,,1015.4,
2025-07-09 00:00:00,18.1,15.6,20.5,8,,,0.5,,1019,
2025-07-10 00:00:00,18.2,13,23.3,0,,,0.9,,1023.2,
2025-07-11 00:00:00,18.2,9.9,26.5,0,,,0,,1022.1,
2025-07-12 00:00:00,20.9,14.2,27.5,0,,,0.8,,1019.8,
2025-07-13 00:00:00,21.8,13.4,30.1,0,,,0.7,,1019.2,
2025-07-14 00:00:00,20.8,15.6,26,0,,,1,,1017.7,
2025-07-15 00:00:00,21.5,12.9,30.1,0,,,0.4,,1016.6,
2025-07-16 00:00:00,20.7,11.6,29.8,0,,,0.4,,1011,
2025-07-17 00:00:00,22.3,15.9,28.6,0,,,0.8,,1011,
2025-07-18 00:00:00,18.4,13.1,23.7,0,,,0,,1013.4,
2025-07-19 00:00:00,15.7,10.7,20.6,0,,,0.7,,1017.8,
2025-07-20 00:00:00,16.6,9.3,23.9,0,,,0.1,,1015.5,
2025-07-21 00:00:00,17.3,9.8,24.8,0,,,0.1,,1012.6,
2025-07-22 00:00:00,18.5,14.3,22.8,0,,,0.3,,1014.5,
2025-07-23 00:00:00,19.3,12.1,26.5,0,,,0,,1015.4,
2025-07-24 00:00:00,18.1,11.8,24.3,0,,,0.5,,1015.8,
2025-07-25 00:00:00,15.4,10.3,20.4,0,,,0.5,,1015.3,
2025-07-26 00:00:00,15.5,8.9,22.2,0,,,0.1,,1014.4,
2025-07-27 00:00:00,16.2,9,23.5,0,,,0.2,,1016.3,
2025-07-28 00:00:00,17.8,9.3,26.3,0,,,0.1,,1019.7,
2025-07-29 00:00:00,18.5,8.8,28.6,0,,,0.7,,1020.4,
2025-07-30 00:00:00,19.3,10.2,28.5,0,,,0.1,,1017.5,
2025-07-31 00:00:00,19.7,13.7,25.7,0,,,0.1,,1016.5,
2025-08-01 00:00:00,18.3,12,24.6,0,,,0.1,,1019.9,
2025-08-02 00:00:00,17.2,11.1,23.2,0,,,0.7,,1022.4,
2025-08-03 00:00:00,16.2,10.4,22.1,0,,,0,,1020.2,
2025-08-04 00:00:00,17.7,12.8,22.6,0,,,0.4,,1017.3,
2025-08-05 00:00:00,17.8,13,22.6,0.3,,,0.7,,1017.4,
2025-08-06 00:00:00,18.9,15.4,22.4,18.7,,,0.2,,1017.2,
2025-08-07 00:00:00,18.1,13,23.1,0,,,1.1,,1021.4,
2025-08-08 00:00:00,16.1,9.2,23.1,0,,,0,,1022.2,
2025-08-09 00:00:00,18.5,10.6,26.5,0,,,0.2,,1021.4,
2025-08-10 00:00:00,20.7,12.5,29,0,,,0.5,,1020.5,
2025-08-11 00:00:00,22.9,17.5,28.3,0,,,0.2,,1017.1,
2025-08-12 00:00:00,23.2,18.5,29.4,0,,,6.5,,1011.9,
2025-08-13 00:00:00,20.6,16.6,24.7,0,,,0.3,,1011,
2025-08-14 00:00:00,16.6,12.4,20.8,0.5,,,1,,1014.5,
2025-08-15 00:00:00,16.4,14.9,17.9,43.1,,,0.4,,1009.1,
2025-08-16 00:00:00,18.5,14.9,22.2,1.3,,,0.2,,1013,
2025-08-17 00:00:00,17.9,13.8,22,0,,,0.1,,1016.2,
2025-08-18 00:00:00,17.4,12.8,22.1,0,,,0,,1016,
2025-08-19 00:00:00,17.9,12.5,23.3,0,,,0.3,,1020.2,
2025-08-20 00:00:00,17.4,11.3,23.5,0,,,0.9,,1024,
2025-08-21 00:00:00,16.2,8.4,24.1,0,,,0.1,,1023,
2025-08-22 00:00:00,19,9.6,28.5,0,,,0.4,,1017.5,
2025-08-23 00:00:00,19.9,10.5,29.4,0,,,0.2,,1014.4,
2025-08-24 00:00:00,20.5,11.5,29.4,0,,,0.2,,1013.2,
2025-08-25 00:00:00,20.5,12.2,28.9,0,,,0.1,,1013.5,
2025-08-26 00:00:00,19.5,10.8,28.2,0,,,0,,1013,
2025-08-27 00:00:00,19.2,12.6,25.8,0,,,0.1,,1014.3,
2025-08-28 00:00:00,19.3,15.7,22.8,0,,,0,,1017,
2025-08-29 00:00:00,20.1,14,26.1,0,,,0.2,,1017.1,
2025-08-30 00:00:00,17.8,12.5,23.1,0,,,0.7,,1018.8,
2025-08-31 00:00:00,18,10.4,25.6,0,,,0,,1016.3,
2025-09-01 00:00:00,17.2,13,21.3,0,,,0,,1017.2,
2025-09-02 00:00:00,18.2,11.6,24.7,0,,,0.3,,1017.6,
2025-09-03 00:00:00,19.3,11.1,27.4,0,,,0.1,,1016.5,
2025-09-04 00:00:00,17.5,12.4,22.7,0,,,0,,1012.9,
2025-09-05 00:00:00,18.5,11.6,25.3,0,,,0,,1010.3,
2025-09-06 00:00:00,17.6,12.4,22.9,0.1,,,0.1,,1012.5,
2025-09-07 00:00:00,17.3,13.8,20.7,0.1,,,0.7,,1017,
2025-09-08 00:00:00,18.7,13.5,23.8,0,,,0.5,,1016.1,
2025-09-09 00:00:00,18.3,14.3,22.4,0,,,0.3,,1013.3,
2025-09-10 00:00:00,17.8,12.3,23.4,0,,,0.1,,1013.1,
2025-09-11 00:00:00,15.3,9.3,21.2,0,,,0,,1015.7,
2025-09-12 00:00:00,15.9,11.4,20.4,0,,,0.2,,1017.3,
2025-09-13 00:00:00,17.1,11.4,22.8,0,,,0.3,,1011.9,
2025-09-14 00:00:00,14.7,12.1,17.4,3.5,,,0,,1011.8,
2025-09-15 00:00:00,15.9,10.9,20.9,0,,,0.4,,1021.1,
2025-09-16 00:00:00,17,7.8,26.3,0,,,0,,1016.3,
2025-09-17 00:00:00,18.2,12.6,23.8,0,,,1,,1017.6,
2025-09-18 00:00:00,15.4,10.7,20.1,0,,,0.7,,1018,
2025-09-19 00:00:00,14.8,7.2,22.4,0,,,0.1,,1014.8,
2025-09-20 00:00:00,14.6,8.1,21,0.7,,,0.4,,1013,
2025-09-21 00:00:00,15.5,10.3,20.7,5,,,0.9,,1013.1,
2025-09-22 00:00:00,13.8,7.7,19.8,0,,,0.2,,1021.2,
2025-09-23 00:00:00,14,5.8,22.3,0,,,0.2,,1018.8,
2025-09-24 00:00:00,14.8,9.4,20.2,0,,,0.5,,1018.4,
2025-09-25 00:00:00,10.6,4.6,16.7,0,,,0.2,,1019.4,
2025-09-26 00:00:00,12.6,8.6,16.5,0.1,,,0,,1019.8,
2025-09-27 00:00:00,15.5,12.2,18.9,5.3,,,0.1,,1011.6,
2025-09-28 00:00:00,14.9,10.9,18.8,2,,,0,,1007.4,
2025-09-29 00:00:00,14.5,13.5,15.5,23.1,,,0.1,,1007.2,
2025-09-30 00:00:00,15.6,11.8,19.3,0.5,,,2.1,,1006.2,
2025-10-01 00:00:00,14.8,12.2,17.5,3,,,1.2,,1008.4,
2025-10-02 00:00:00,14.1,10.3,17.8,8.9,,,0.4,,1015.6,
2025-10-03 00:00:00,11.2,6.6,15.9,0,,,0.1,,1019.9,
2025-10-04 00:00:00,12.7,8.3,17.2,0,,,0.2,,1020,
2025-10-05 00:00:00,11.1,4.8,17.4,0,,,0,,1022.3,
2025-10-06 00:00:00,10.8,3.3,18.2,0,,,0,,1021.1,
2025-10-07 00:00:00,11,3.8,18.2,0,,,0.2,,1013.5,
2025-10-08 00:00:00,11.4,7.8,15,0,,,0,,1010.2,
2025-10-09 00:00:00,11.1,7.1,15.2,1.2,,,0.1,,1014.4,
2025-10-10 00:00:00,10.3,7.7,12.9,7.3,,,0,,1010.9,
2025-10-11 00:00:00,9.9,7.3,12.6,1.7,,,0.1,,1010.1,
2025-10-12 00:00:00,7.2,3.4,11.1,4,,,0.2,,1009.6,
2025-10-13 00:00:00,7.9,1,14.8,0,,,0,,1014.6,
2025-10-14 00:00:00,6.7,-0.4,13.7,0,,,0.4,,1018.4,
2025-10-15 00:00:00,6.6,-0.3,13.4,0,,,0.1,,1019,
2025-10-16 00:00:00,6.5,0.3,12.7,0,,,1,,1020.9,
2025-10-17 00:00:00,10.2,6.4,13.9,1.4,,,2.3,,1018.3,
2025-10-18 00:00:00,7.6,5.2,9.9,22.6,,,0.3,,1015.8,
2025-10-19 00:00:00,10.4,7.5,13.3,14.1,,,1.5,,1008.2,
2025-10-20 00:00:00,9,4.9,13.2,0.2,,,0.5,,1025.4,
2025-10-21 00:00:00,9.6,5.4,13.8,0,,,0.3,,1021.3,
2025-10-22 00:00:00,6.7,1.5,11.9,1.6,,,0.3,,1013.9,
2025-10-23 00:00:00,11.1,6.8,15.4,0.1,,,0.7,,1016.4,
2025-10-24 00:00:00,11.1,7.9,14.3,6.3,,,1.8,,1004.5,
2025-10-25 00:00:00,7.9,6.1,9.8,3.3,,,2.1,,999.3,
2025-10-26 00:00:00,7.6,4.8,10.4,1.9,,,2.2,,1008.3,
2025-10-27 00:00:00,7.1,2.8,11.5,0,,,0.1,,1024.2,
2025-10-28 00:00:00,6.4,2.8,10,10,,,0.8,,1020.6,
2025-10-29 00:00:00,9.4,3.8,15,0,,,1.3,,1026.4,
2025-10-30 00:00:00,6.9,1.2,12.6,0,,,0,,1023.8,
2025-10-31 00:00:00,6.6,2.4,10.9,24.9,,,1.4,,1014.3,
2025-11-01 00:00:00,8.4,5.5,11.3,16.9,,,1.1,,1009.6,
2025-11-02 00:00:00,6.3,1.3,11.2,0.1,,,0.1,,1025.7,
2025-11-03 00:00:00,5.6,0.6,10.6,0,,,0,,1014.7,
2025-11-04 00:00:00,5.7,-1.5,13,0,,,0.2,,1012.3,
2025-11-05 00:00:00,10.5,7.7,13.2,10.3,,,3.1,39,999.9,
2025-11-06 00:00:00,10.2,8.7,11.7,12.6,,,3.1,,1007.3,
2025-11-07 00:00:00,8.9,5.3,12.5,0,,,3.1,,1019,
2025-11-08 00:00:00,7.2,1.7,12.7,0,,,0.4,,1022.2,
2025-11-09 00:00:00,8.3,1.8,14.8,3.6,,,0.5,,1019.6,
2025-11-10 00:00:00,11.4,8.2,14.5,6.1,,,1.6,,1021.9,
2025-11-11 00:00:00,7.5,2.4,12.7,0,,,0.5,,1021,
2025-11-12 00:00:00,5.1,0.5,9.7,3.1,,,0.1,,1009.8,
2025-11-13 00:00:00,7.3,2.7,11.9,20.1,,,1.7,,1003.1,
2025-11-14 00:00:00,5.8,2.8,8.9,5.6,,,0,,1009.7,
2025-11-15 00:00:00,8.4,6.1,10.7,5.5,,,0,,1012.3,
2025-11-16 00:00:00,10.1,8.1,12.1,0.5,,,0.4,,1001.4,
2025-11-17 00:00:00,8.5,5.6,11.4,1.5,,,0.7,,1009.7,
2025-11-18 00:00:00,5.6,1.4,9.7,0,,,0,,1020,
2025-11-19 00:00:00,4.7,-0.8,10.2,0,,,0.4,,1014.7,
2025-11-20 00:00:00,7.7,4.4,11,0,,,1,,1016.6,
2025-11-21 00:00:00,6.7,4.5,8.9,2.7,,,0.5,,1022.1,
2025-11-22 00:00:00,9.5,8.5,10.5,4.3,,,4.2,,1016.9,
2025-11-23 00:00:00,6.2,2.2,10.2,6.9,,,1.9,,1017.1,
2025-11-24 00:00:00,3,-0.2,6.2,19.1,,,0.6,,1025.3,
2025-11-25 00:00:00,4.4,3.2,5.6,11.2,,,0.5,,1023.7,
2025-11-26 00:00:00,6.8,5.2,8.5,3,,,0,,1023.1,
2025-11-27 00:00:00,7.3,6,8.7,10.7,,,0.3,,1017.2,
2025-11-28 00:00:00,4.8,-0.3,9.9,0,,,1.2,,1023,
2025-11-29 00:00:00,3.2,-0.7,7.2,0,,,0,,1022.2,
2025-11-30 00:00:00,2.2,-2.9,7.3,0,,,0.3,,1025.9,
2025-12-01 00:00:00,3,0,6.1,6.9,,,0.1,,1024.1,
2025-12-02 00:00:00,3.3,-0.6,7.3,1.8,,,0.1,,1024.2,
2025-12-03 00:00:00,4.1,1.4,6.8,1.4,,,0,,1027.2,
2025-12-04 00:00:00,6.3,5.5,7.1,13.1,,,0.1,,1023.1,
2025-12-05 00:00:00,6.7,5.5,7.9,10.9,,,0.1,,1009.3,
2025-12-06 00:00:00,8.8,5.9,11.6,2.4,,,2,,1011.6,
2025-12-07 00:00:00,9.2,6.7,11.7,5.9,,,2.1,,1014.4,
2025-12-08 00:00:00,9.9,6.8,13,7.5,,,3.1,,1011.3,
2025-12-09 00:00:00,7,3.5,10.5,6,,,0.5,,1016.2,
2025-12-10 00:00:00,8.3,6.4,10.2,40.5,,,0.7,,1009.6,
2025-12-11 00:00:00,8.7,6.3,11.1,0,,,1,,1020.4,
2025-12-12 00:00:00,7.5,6.5,8.5,1.6,,,0,,1019.8,
2025-12-13 00:00:00,9.7,6.9,12.5,0.1,,,0.3,,1014.2,
2025-12-14 00:00:00,9.6,8.2,11.1,9,,,2.8,,1011.9,
2025-12-15 00:00:00,12.1,8.4,15.9,7.3,,,6.9,31,1007.2,
2025-12-16 00:00:00,8.6,6.8,10.4,26.9,,,3.5,,1007,
2025-12-17 00:00:00,7.2,4.9,9.4,6.7,,,5.4,45,1007.3,
2025-12-18 00:00:00,7.3,4.4,10.1,12.4,,,5.5,,998.9,
2025-12-19 00:00:00,3,-0.6,6.5,0.1,,,3.1,,1003.4,
2025-12-20 00:00:00,6.6,4.7,8.4,1.2,,,5.1,,1009.4,
2025-12-21 00:00:00,6,3.7,8.3,4.2,,,3.5,,1002.9,
2025-12-22 00:00:00,4.5,0.4,8.6,2.7,,,4.1,,1005.6,
2025-12-23 00:00:00,3.6,0.7,6.5,0,,,2.2,,1009.3,
2025-12-24 00:00:00,1.9,-0.5,4.4,3.1,,,0.2,,999.9,
2025-12-25 00:00:00,1.1,-2,4.1,5.8,,,0.4,,1003.2,
2025-12-26 00:00:00,4.7,3,6.4,6.6,,,3.7,,1001.9,
2025-12-27 00:00:00,1,-1.1,3.2,0,,,0.1,,1024,
2025-12-28 00:00:00,1,-2,3.9,0,,,0.2,,1036.3,
2025-12-29 00:00:00,2.9,-0.8,6.6,0,,,0,,1033.2,
2025-12-30 00:00:00,0.8,-1.9,3.5,0,,,0,,1025.3,
2025-12-31 00:00:00,3.4,-1,7.7,0,,,0.1,,1018.1,
